inputs,prediction,error_message,correct_solution,score,input_tokens,output_tokens,total_tokens,calls
"Write a function to find the nth newman–shanks–williams prime number.

def newman_prime(n): 
","The provided solution for finding the nth Newman–Shanks–Williams prime has a logical error in the return statement. The function is supposed to return the nth prime, but it incorrectly returns the last element of the list of found primes instead of the nth one. 

Additionally, the formula used to generate the candidates for the Newman–Shanks–Williams primes is correct, but we need to ensure that we are correctly indexing into the list of found primes.

Here's the corrected version of the function:

```python
def newman_prime(n): 
    from sympy import isprime
    newman_primes = []
    k = 1
    while len(newman_primes) < n:
        candidate = 3 * k ** 2 - 3 * k + 1
        if isprime(candidate):
            newman_primes.append(candidate)
        k += 1
    return newman_primes[n - 1]  # Correctly return the nth prime
```

### Explanation of Changes:
1. **Return Statement**: The return statement was changed from `return newman_primes[-1]` to `return newman_primes[n - 1]`. This ensures that we return the nth prime instead of the last one found.
2. **Imports**: The import statement remains unchanged as it is necessary for checking if a number is prime.

This function will now correctly compute and return the nth Newman–Shanks–Williams prime number.
","AssertionError: 
Traceback:
Traceback (most recent call last):
  File ""/home/codiplay/AFlow/benchmarks/mbpp.py"", line 73, in check_solution
    result = self.run_with_timeout(check, 15)
  File ""/home/codiplay/AFlow/benchmarks/mbpp.py"", line 47, in run_with_timeout
    raise result[0]
  File ""/home/codiplay/AFlow/benchmarks/mbpp.py"", line 31, in target
    result.append(func())
  File ""<string>"", line 2, in check
AssertionError

Solution:
def newman_prime(n):
    from sympy import isprime
    newman_primes = []
    k = 1
    while len(newman_primes) < n:
        candidate = 3 * k ** 2 - 3 * k + 1
        if isprime(candidate):
            newman_primes.append(candidate)
        k += 1
    return newman_primes[n - 1]
Test Code:
def check():
    assert newman_prime(3) == 7
    assert newman_prime(4) == 17
    assert newman_prime(5) == 41

","def newman_prime(n): 
	if n == 0 or n == 1: 
		return 1
	return 2 * newman_prime(n - 1) + newman_prime(n - 2)
",0.0,2376,1472,3848,8
"Write a function to convert a given tuple of positive integers into a single integer.

def tuple_to_int(nums):
","def tuple_to_int(nums):
    return int(''.join(map(str, nums)))
","The solution passed all test cases.
","def tuple_to_int(nums):
    result = int(''.join(map(str,nums)))
    return result
",1.0,590,287,877,4
"Write a function that takes in two numbers and returns a tuple with the second number and then the first number.

def swap_numbers(a,b):
","def swap_numbers(a, b):
    """"""
    This function takes two numbers and returns a tuple with the second number first and the first number second.
    
    Parameters:
    a (int or float): The first number.
    b (int or float): The second number.
    
    Returns:
    tuple: A tuple containing (b, a).
    """"""
    return (b, a)
","The solution passed all test cases.
","def swap_numbers(a,b):
 temp = a
 a = b
 b = temp
 return (a,b)
",1.0,798,363,1161,4
Total tokens: 5886
Total calls: 16
Avg tokens: 1962.0
Avg calls: 5.333333333333333
Avg score: 0.6666666666666666
